_id,id,title,publish_date,source_country,sentiment
646fddfd0576b45037ddb2c6,111013564,Kilkenny-based recruitment company wins two international awards,2023-04-18 08:59:00,ie,0.544
646fddfd0576b45037ddb2c7,88450232,Ministers Harris and Ryan welcome record number of enrolments in retrofitting programmes for 2022 - MerrionStreet,2023-01-17 21:41:06,ie,0.341
646fddfd0576b45037ddb2c8,75989338,New €4.8m state-of-the-art facility planned for UCD Lyons Farm,2022-12-05 11:06:50,ie,0.377
646fddfd0576b45037ddb2c9,92473892,‘Not possible’ to make Northern Ireland Protocol work - EU law expert,2023-02-01 20:45:45,ie,-0.146
646fddfd0576b45037ddb2ca,86433356,"Shoppers must demand longer lasting goods and less packaging, says Fine Gael waste policy paper",2023-01-10 16:14:04,ie,-0.077
646fddfd0576b45037ddb2cb,76378178,Opportunity knocks for investors willing to make long-term calls on commercial real estate,2022-12-06 07:00:00,ie,-0.137
646fddfd0576b45037ddb2cc,100205722,German state governor under pressure over Nord Stream 2 revelations,2023-03-01 21:37:51,ie,-0.216
646fddfd0576b45037ddb2cd,76046692,Ireland ranks joint lowest of 13 countries on readiness to transition to renewable energy ,2022-12-05 16:11:49,ie,0.381
646fddfd0576b45037ddb2ce,69874788,€1.25bn invested in Dublin’s private rented sector in first three quarters of 2022,2022-11-16 07:00:00,ie,-0.085
646fddfd0576b45037ddb2cf,66133286,Tommy Barker: Cork properties hit post-boom record highs despite jittery market,2022-11-05 08:05:00,ie,0.055
646fddfd0576b45037ddb2d0,83153600,2022 saw lowest number of work-related fatalities in 30 years,2022-12-30 07:15:43,ie,0.128
646fddfd0576b45037ddb2d1,104625276,Coalition defends €1bn underspend on housing,2023-03-19 13:32:53,ie,-0.213
646fddfd0576b45037ddb2d2,110569150,Sinn Féin’s high-wire act: courting big business and those ‘left behind’,2023-04-14 06:00:00,ie,-0.123
646fddfd0576b45037ddb2d3,109973736,Putting peace on the right track: the Peace Train and civil society in Northern Ireland,2023-04-10 20:42:48,ie,0.431
646fddfd0576b45037ddb2d4,65324126,Annual Update of Housing for All  - MerrionStreet,2022-11-02 13:24:54,ie,-0.043
646fddfd0576b45037ddb2d5,71417694,Donegal pair behind leading 3D housing development for homeless in UK,2022-11-21 14:39:24,ie,0.296
646fddfd0576b45037ddb2d6,112252800,Plans lodged for retail and office development at Munster Avenue,2023-04-28 15:12:29,ie,-0.026
646fddfd0576b45037ddb2d7,86702596,Engineering consultancy EDC opens new Galway office,2023-01-09 12:36:50,ie,0.365
646fddfd0576b45037ddb2d8,69816288,Emissions of seven facilities in Ireland equal to 70% of dairy cows,2022-11-16 13:15:07,ie,0.188
646fddfd0576b45037ddb2d9,81244632,The State is in a good position to fund more investment,2022-12-23 06:00:29,ie,0.014
646fddfd0576b45037ddb2da,102410996,Housing targets: Varadkar’s deviation from formal State goal reminds of vast task involved in controlling crisis,2023-03-11 06:00:00,ie,-0.32
646fddfd0576b45037ddb2db,90483070,Irish investment consortium in €6.5m deal for landmark Donnybrook Mall,2023-01-25 09:41:09,ie,0.358
646fddfd0576b45037ddb2dc,100760388,"State may fund thousands of student beds in DCU, UCD and Trinity",2023-03-03 20:48:41,ie,0.031
646fddfd0576b45037ddb2dd,111940020,US-China relations are likely to determine humanity’s fate in the 21st century,2023-04-26 06:00:36,ie,0.421
646fddfd0576b45037ddb2de,111175564,Older office buildings can be as good as new. They’re often even better,2023-04-19 06:45:00,ie,-0.036
646fddfd0576b45037ddb2df,99664960,Environmental group lodges legal action over emissions cuts ‘picked from the sky’,2023-02-27 23:07:20,ie,-0.364
646fddfd0576b45037ddb2e0,82560884,Ministers Foley and Ryan welcome progress on Schools Decarbonisation Pathfinder Programme  - MerrionStreet,2022-12-28 10:33:23,ie,0.246
646fddfd0576b45037ddb2e1,76600202,"Ireland risks missing EU recycling targets, warns EPA",2022-12-07 10:24:53,ie,-0.345
646fddfd0576b45037ddb2e2,112029902,"Record number of home completions for first quarter of the year, says Minister for Housing",2023-04-26 21:51:54,ie,-0.064
646fddfd0576b45037ddb2e3,81478732,Gender pay-gap reports highlight the penalty for women in the workplace,2022-12-24 03:30:00,ie,-0.012
646fddfd0576b45037ddb2e4,87530000,Machinery Focus: Vertical take-off for Tyrone Trailers,2023-01-14 11:30:00,ie,-0.127
646fddfd0576b45037ddb2e5,91282156,‘All he did was put up those bleeding posters’ - Dublin inner city laments departure of Michael Stone,2023-01-28 07:00:00,ie,0.271
646fddfd0576b45037ddb2e6,78130764,Medicine shortages; construction downturn; and a helping hand for developers,2022-12-12 07:30:17,ie,-0.221
646fddfd0576b45037ddb2e7,98107490,Brianna Parkins: Building your own home can save money but is not for the faint-hearted,2023-02-22 06:00:36,ie,0.189
646fddfd0576b45037ddb2e8,101995018,Dismissal of trade union official found to have been unfair,2023-03-09 16:57:06,ie,-0.506
646fddfd0576b45037ddb2e9,111312480,Man arrested in connection with alleged incident in Galway between a landlord and tenant,2023-04-20 16:12:33,ie,0.484
646fddfd0576b45037ddb2ea,105762028,Dublin Port Opens Public Consultation on 3FM Project,2023-03-23 12:55:56,ie,0.355
646fddfd0576b45037ddb2eb,73428412,It’s depressing that two big trends driving Ireland’s housing crisis continue unabated,2022-11-27 13:09:34,ie,-0.366
646fddfd0576b45037ddb2ec,73649012,Eleven local authorities failed to deliver a single new-build home in first half of 2022,2022-11-28 08:29:31,ie,-0.184
646fddfd0576b45037ddb2ed,99083720,Minister for Housing Darragh O’Brien talks up progress in face of increased homelessness,2023-02-25 18:08:49,ie,-0.134
646fddfd0576b45037ddb2ee,104913962,Lebanon to construct new terminal at Beirut airport,2023-03-20 17:04:34,ie,-0.044
646fddfd0576b45037ddb2ef,105504358,Ministers Donohoe and Smyth announces update to guidance to support SME participation in public procurement - MerrionStreet,2023-03-22 16:55:32,ie,0.457
646fddfd0576b45037ddb2f0,93990552,Searches for part-time and weekend work soar amid cost-of-living squeeze,2023-02-07 09:35:46,ie,-0.065
646fddfd0576b45037ddb2f1,71086734,Stadiums of shame: The numbers Qatar don’t want to be seen,2022-11-20 12:23:00,ie,-0.472
646fddfd0576b45037ddb2f2,100483034,School building projects ‘on hold’ due to funding pressures,2023-03-02 20:54:08,ie,-0.033
646fddfd0576b45037ddb2f3,109874618,"Una Mullally: Why don’t we make the Liffey a clean, safe, swimmable amenity?",2023-04-10 06:00:00,ie,0.116
646fddfd0576b45037ddb2f4,76770154,Caution across Cork commercial property market sectors,2022-12-07 20:43:40,ie,-0.215
646fddfd0576b45037ddb2f5,96370556,US says new weapons will help Ukraine mount ‘decisive’ spring offensive,2023-02-15 19:47:59,ie,0.428
646fddfd0576b45037ddb2f6,102145244,Only a third of accommodation workers in early 2020 were with same employer after Covid,2023-03-10 06:00:00,ie,-0.036
646fddfd0576b45037ddb2f7,112136342,Coillte reports pre-tax profits of €122 million in 2022,2023-04-27 17:40:39,ie,-0.282
646fddfd0576b45037ddb2f8,96374600,"Dublin City Council pays 40% over the odds for social housing, audit finds",2023-02-15 20:25:45,ie,-0.236
646fddfd0576b45037ddb2f9,103028210,Hager&#8217;s Install of the Year supports industry excellence,2023-03-09 21:44:39,ie,0.454
646fddfd0576b45037ddb2fa,111884904,IrBEA to host major conference in Leitrim on biochar,2023-04-25 18:35:25,ie,0.359
646fddfd0576b45037ddb2fb,111880262,Will the new housing plan work? How latest interventions could impact supply and price,2023-04-25 18:17:54,ie,-0.171
646fddfd0576b45037ddb2fc,101644124,Economy to grow at reduced rate despite more benign inflationary outlook,2023-03-08 01:15:00,ie,-0.109
646fddfd0576b45037ddb2fd,73373872,"Send in the clowns? Don’t bother, they’re here",2022-11-27 10:02:54,ie,-0.139
646fddfd0576b45037ddb2fe,74979996,Housing targets under major threat amid slump in homebuilding,2022-12-02 04:00:00,ie,-0.316
646fddfd0576b45037ddb2ff,80864684,Minister Harris announces commencement of construction of six new Higher Education buildings - MerrionStreet,2022-12-21 11:18:44,ie,0.381
646fddfd0576b45037ddb300,91643868,Ireland’s housing crisis: why doesn’t the State step in and build?,2023-01-29 17:45:35,ie,-0.283
646fddfd0576b45037ddb301,100760556,Budding engineers of Inishowen invited to week of free fun activities,2023-03-03 20:01:38,ie,0.598
646fddfd0576b45037ddb302,105372772,"Bafta awards: Bad Sisters, Derry Girls and Cillian Murphy among nominees",2023-03-22 11:07:33,ie,0.493
646fddfd0576b45037ddb303,71448342,Taoiseach urges people to continue &amp;lsquo;warmly&amp;rsquo; welcoming refugees to Ireland,2022-11-21 16:06:14,ie,0.249
646fddfd0576b45037ddb304,85012694,Nearly 700 forestry road licences issued in Ireland,2023-01-05 09:15:23,ie,-0.102
646fddfd0576b45037ddb305,111990406,Housing completions up 19% as momentum carries forward from 2022,2023-04-26 15:23:55,ie,-0.532
646fddfd0576b45037ddb306,71381804,Kirby promotes engineering diversity with new bursaries,2022-11-21 12:03:22,ie,0.301
646fddfd0576b45037ddb307,83171066,Number of recorded workplace fatalities falls by one third in 2022,2022-12-30 08:08:08,ie,-0.301
646fddfd0576b45037ddb308,73168868,"Social homes on public land essential to address housing crisis, rally in Dublin told",2022-11-26 18:51:44,ie,-0.386
646fddfd0576b45037ddb309,81121062,TUS to break ground on multi-million euro STEM facility,2022-12-22 19:02:02,ie,0.356
646fddfd0576b45037ddb30a,80977940,"Climate action plan’s test is to ‘deliver at pace’, warn Opposition and green groups",2022-12-22 06:00:00,ie,-0.221
646fddfd0576b45037ddb30b,110688938,Out \ Look: Bringing Brands to Life on OOH,2023-04-14 15:29:02,ie,0.633
646fddfd0576b45037ddb30c,112348138,In Pictures: Four 'leaders' conferred with honorary doctorates by University of Limerick,2023-04-29 11:00:05,ie,0.438
646fddfd0576b45037ddb30d,79234470,New Tailte Éireann agency to provide streamlined access to land and geospatial services to public and Government  - MerrionStreet,2022-12-15 16:26:52,ie,0.478
646fddfd0576b45037ddb30e,98196674,Collaboration key to accelerating use of Modern Methods of Construction in Housing Delivery - MerrionStreet,2023-02-22 13:04:45,ie,0.302
646fddfd0576b45037ddb30f,76264538,"Focus on research: Dr Marguerite Nyhan, MaREI",2022-12-06 10:17:00,ie,0.341
646fddfd0576b45037ddb310,102477106,Revised TAMS costings “hopelessly below” real cost - Kilkenny farmer Denis Drennan,2023-03-11 12:31:00,ie,-0.469
646fddfd0576b45037ddb311,100385374,Where have all the second-hand properties gone?,2023-03-02 13:22:51,ie,-0.024
646fddfd0576b45037ddb312,89619656,Pure fantasy to believe our GP numbers can handle free care,2023-01-22 03:30:00,ie,-0.019
646fddfd0576b45037ddb313,82560888,Minister McConalogue announces the appointment of a contractor to complete the €30m Deep-Water Quay Development in Ros an Mhíl Fishery Harbour Centre - MerrionStreet,2022-12-28 10:19:09,ie,0.244
646fddfd0576b45037ddb314,89803960,Eamon Ryan: &#039;Irish people want to play their part&#039; in helping environment,2023-01-22 22:36:07,ie,0.289
646fddfd0576b45037ddb315,90748840,Nominations open for 2023 EY Entrepreneur Of The Year programme,2023-01-26 08:23:34,ie,0.611
646fddfd0576b45037ddb316,76964376,Wicklow and Arklow Harbours awarded more than €1million in funding,2022-12-08 15:12:07,ie,-0.045
646fddfd0576b45037ddb317,79903016,Pharma is just the medicine our bruised economy needs right now,2022-12-18 03:30:00,ie,0.14
646fddfd0576b45037ddb318,90263794,"Profile:  Michael Stone, the private man behind the public headlines",2023-01-24 14:25:07,ie,-0.09
646fddfd0576b45037ddb319,105379010,HANNOVER MESSE – World’s leading platform for hydrogen and fuel cells,2023-03-22 11:15:57,ie,0.385
646fddfd0576b45037ddb31a,79017072,"Cost-of-living pressures will persist in 2023 but Ireland should escape a recession, ESRI says",2022-12-15 01:05:41,ie,-0.048
646fddfd0576b45037ddb31b,111288006,"Govt summer priorities: Renters' rights, safe access zones, vaping rules and late-night pubs",2023-04-20 13:17:15,ie,0.044
646fddfd0576b45037ddb31c,86923748,Housing Minister rules out introducing regulations on people renting out spare rooms,2023-01-12 07:30:25,ie,0.067
646fddfd0576b45037ddb31d,90166556,"Private sector delivering more than seven in 10 new social homes, department figures show",2023-01-24 06:00:29,ie,-0.252
646fddfd0576b45037ddb31e,92567620,"Engineers Ireland forecasts almost 8,000 sectoral jobs for 2023",2023-02-01 12:04:25,ie,0.175
646fddfd0576b45037ddb31f,111275838,Viking Line’s sustainability far into the future,2023-04-20 11:11:13,ie,0.274
646fddfd0576b45037ddb320,76628538,LULUCF carbon removal target will be &#8216;extremely challenging&#8217; for Ireland,2022-12-07 11:30:00,ie,-0.06
646fddfd0576b45037ddb321,77205762,Tanaiste Leo Varadkar to visit Galway tomorrow,2022-12-09 07:58:34,ie,0.103
646fddfd0576b45037ddb322,105526846,FactCheck: Did the Government miss its social housing targets for three years in a row?,2023-03-23 01:05:17,ie,-0.365
646fddfd0576b45037ddb323,76673766,BKT brings a new name to the rubber track market,2022-12-07 14:30:00,ie,0.341
646fddfd0576b45037ddb324,79289238,BAM backs HVO fuels as a key part of its decarbonising strategy,2022-12-15 12:49:01,ie,-0.102
646fddfd0576b45037ddb325,101036944,Wider mix now of buyers includes housing bodies and local authorities,2023-03-04 22:00:00,ie,-0.326
646fddfd0576b45037ddb326,111772728,"Work on €1.6bn electricity interconnector between Ireland and France to begin ‘very, very shortly’",2023-04-24 21:43:18,ie,0.286
646fddfd0576b45037ddb327,107406940,32% of hotel beds outside Dublin being used to house refugees,2023-03-29 18:59:00,ie,-0.108
646fddfd0576b45037ddb328,73975238,Bonuses for bankers could be back on the cards as banking review goes to Cabinet,2022-11-29 07:30:50,ie,0.057
646fddfd0576b45037ddb329,105722298,Landini woos the tillage sector with new Landpower models,2023-03-23 16:30:00,ie,0.049
646fddfd0576b45037ddb32a,105236352,Ireland’s stuttering climate performance brought into focus by IPCC report,2023-03-21 21:17:55,ie,0.036
646fddfd0576b45037ddb32b,101583308,Minister Harris announces more than €40m in supports for 405 new student accommodation beds at DCU - MerrionStreet,2023-03-07 15:23:24,ie,0.008
646fddfd0576b45037ddb32c,86048926,"Medicines shortage, insolvencies warning and time cull some meetings",2023-01-09 07:35:30,ie,0.032
646fddfd0576b45037ddb32d,76482812,&amp;lsquo;Ireland is going in the wrong direction&amp;rsquo; – country is producing more rubbish than ever as recycling rates stagnate,2022-12-07 00:55:00,ie,-0.301
646fddfd0576b45037ddb32e,77939948,Government mulls tax break for developers amid concern over political fallout,2022-12-11 16:14:56,ie,-0.335
646fddfd0576b45037ddb32f,68441408,Kinahan snr planned ‘fresh start’ in Zimbabwe,2022-11-12 06:00:42,ie,0.168
646fddfd0576b45037ddb330,84410780,Housing affordability at its worst for 14 years as property prices almost eight times the average salary,2023-01-03 03:30:00,ie,-0.21
646fddfd0576b45037ddb331,90506830,Large proportion of Cork commercial property left vacant,2023-01-25 11:07:00,ie,-0.302
646fddfd0576b45037ddb332,112356694,"‘If the housing crisis was health, the patients would all be dead’",2023-04-29 14:33:55,ie,-0.227
646fddfd0576b45037ddb333,78656648,Opinion: In a cold snap our footpaths and cycle lanes should also be gritted by councils,2022-12-13 18:38:22,ie,0.001
646fddfd0576b45037ddb334,94696894,Two 24-hour work stoppages by Go Ahead employees to take place in March,2023-02-09 20:21:21,ie,-0.399
646fddfd0576b45037ddb335,100694756,"Irish economy grew by 12% last year, buoyed by multinational sector",2023-03-03 14:43:06,ie,0.081
646fddfd0576b45037ddb336,68190464,Yara: Europe in peril without strong nitrogen industry,2022-11-11 12:45:00,ie,0.307
646fddfd0576b45037ddb337,71576776,­­DHL report shows how logistics companies help make semiconductor supply chains more resilient,2022-11-21 11:59:51,ie,0.734
646fddfd0576b45037ddb338,107326402,"Marlet secures €384m in funding for delivery of 1,108 Dublin apartments",2023-03-29 13:14:41,ie,0.212
646fddfd0576b45037ddb339,75481714,ATU Donegal students engineer success in national contest,2022-12-03 18:59:36,ie,0.207
646fddfd0576b45037ddb33a,98440620,EU dodges deadline for polluting trucks in setback for net-zero goal,2023-02-23 11:21:59,ie,-0.195
646fddfd0576b45037ddb33b,89213564,Athlone Confirmed for Ireland’s First All-Electric Bus Service,2023-01-20 14:09:32,ie,0.38
646fddfd0576b45037ddb33c,68439396,It&amp;rsquo;s time to ditch our over-reliance on the tech sector and concentrate on traditional industries,2022-11-12 03:30:00,ie,-0.09
646fddfd0576b45037ddb33d,78600360,Local TD critical of lack of proper building control in construction sector,2022-12-13 15:12:29,ie,-0.307
646fddfd0576b45037ddb33e,74930736,No Break: Undocumented workers excluded from fishing sector work permit reforms,2022-12-02 01:30:31,ie,0.137
646fddfd0576b45037ddb33f,106343534,Pat Leahy: The Coalition has blundered into a crisis it might not be able to control,2023-03-25 21:22:35,ie,-0.477
646fddfd0576b45037ddb340,100665830,Former nursing home for sale in Kilkenny offers great potential - see more!,2023-03-03 12:16:27,ie,0.416
646fddfd0576b45037ddb341,91273008,Home sales volumes down as prices jump 9.7%,2023-01-28 06:00:00,ie,-0.348
646fddfd0576b45037ddb342,100875712,Booming growth figures mask signs of domestic slow down last year,2023-03-03 13:04:33,ie,0.059
646fddfd0576b45037ddb343,110094400,First all-electric mixer demonstrates pathway to low carbon logistics,2023-04-11 13:40:24,ie,0.181
646fddfd0576b45037ddb344,110324344,Cork City Council gets €14m debt write-off for social housing land banks ,2023-04-12 20:45:48,ie,-0.14
646fddfd0576b45037ddb345,92033566,Councils seek €40 million to help beef up staffing in planning departments nationwide,2023-01-31 07:15:56,ie,-0.24
646fddfd0576b45037ddb346,92669724,Limerick above the national average for empty homes,2023-02-02 13:00:00,ie,-0.267
646fddfd0576b45037ddb347,110297096,DAF launches full series of New Generation &#8216;X&#8217; series Construction trucks,2023-04-12 10:19:44,ie,0.383
646fddfd0576b45037ddb348,81029850,Tech giants ditch office space in London and Europe,2022-12-22 11:25:03,ie,0.055
646fddfd0576b45037ddb349,111773698,Construction to start on first of 20 solar farms in Cork,2023-04-24 22:28:57,ie,0.183
646fddfd0576b45037ddb34a,85937416,Increase in online shopping prompts spike in demand for warehouse space in Limerick,2023-01-08 19:00:00,ie,-0.118
646fddfd0576b45037ddb34b,98196368,Appeal  over plans for student complex in Limerick,2023-02-22 14:00:01,ie,0.044
646fddfd0576b45037ddb34c,68130926,"Michael O&#039;Flynn: Inflation is the root of our housing problem, not property developers ",2022-11-11 08:44:01,ie,-0.542
646fddfd0576b45037ddb34d,96261532,High-end Blackrock apartment scheme guiding at €59m,2023-02-15 06:50:00,ie,0.213
646fddfd0576b45037ddb34e,85025772,Health &#038; Safety Authority confirms 26 work-related fatalities in 2022,2023-01-05 10:57:27,ie,0.111
646fddfd0576b45037ddb34f,101569028,"Ending eviction ban could ‘very possibly’ increase homelessness, says Minister for Housing",2023-03-07 16:11:16,ie,-0.454
646fddfd0576b45037ddb350,111291468,"Sweet 16: From cutting taxes to funding health, here’s 16 ways to spend €16 billion",2023-04-20 13:21:15,ie,-0.218
646fddfd0576b45037ddb351,72826094,"Homes swept away, livelihoods disrupted. A coastal community in Senegal battles the climate change tide",2022-11-25 18:48:30,ie,0.004
646fddfd0576b45037ddb352,102714010,Pat Leahy: Ending the eviction ban could be this Government’s worst mistake,2023-03-12 10:22:30,ie,-0.273
646fddfd0576b45037ddb353,92107682,Data reveals number of residential buildings under construction in Kilkenny,2023-01-31 13:07:13,ie,-0.442
646fddfd0576b45037ddb354,92879338,Housing now biggest threat to Ireland’s economic wellbeing,2023-02-03 06:00:00,ie,-0.22
646fddfd0576b45037ddb355,111050510,"Delivery of housing ‘will only strengthen’ from 2023 onward, officials claim",2023-04-18 15:10:16,ie,-0.232
646fddfd0576b45037ddb356,105120774,Housing demand in Kilkenny down 25% in city over past three years,2023-03-21 12:00:11,ie,0.162
646fddfd0576b45037ddb357,111071978,Charities raise concerns over proposed domestic violence agency board,2023-04-18 19:15:53,ie,-0.136
646fddfd0576b45037ddb358,112073676,"West coast wind power, improving consumer sentiment, and sizing up the fintechs",2023-04-27 07:26:32,ie,-0.387
646fddfd0576b45037ddb359,100447786,Egypt unveils newly discovered chamber inside one of the Great Pyramid,2023-03-02 18:10:44,ie,0.005
646fddfd0576b45037ddb35a,111017592,"Irish job market suffered little fallout from tech slowdown, according to new report",2023-04-18 10:18:53,ie,-0.11
646fddfd0576b45037ddb35b,74178082,New facilities to support the growth of Celtic Sea FLOW take another step forward,2022-11-29 21:48:14,ie,0.448
646fddfd0576b45037ddb35c,105210468,Government counter-motion on eviction ban aimed at securing Independent backing,2023-03-21 19:37:25,ie,-0.057
646fddfd0576b45037ddb35d,105642008,"With stakes high, Brazil meat industry dominates Lula delegation to China",2023-03-23 10:56:35,ie,-0.029
646fddfd0576b45037ddb35e,102142770,Gender pay gaps at Ireland’s Big Four accountancy firms look okay - until you include partners,2023-03-10 06:00:00,ie,-0.177
646fddfd0576b45037ddb35f,101987632,Business lender Capitalflow reveals plans to double lending to support customers,2023-03-09 10:46:33,ie,0.35
646fddfd0576b45037ddb360,72416102,Fact Check: Do emissions from making electric cars mean they are not ‘green’?,2022-11-24 15:27:47,ie,-0.533
646fddfd0576b45037ddb361,77195722,"Land Development Agency should have power to acquire public and private land, ESRI says",2022-12-09 07:05:34,ie,-0.189
646fddfd0576b45037ddb362,103727442,Big tech is all for capitalism until the going gets tough,2023-03-16 07:00:00,ie,-0.064
646fddfd0576b45037ddb363,82237232,"The experts&amp;rsquo; view – what will happen to house prices, mortgage rates, health insurance and more in 2023",2022-12-27 03:30:00,ie,0.226
646fddfd0576b45037ddb364,74654394,"Digicel seeks debt repayment delay,  EY awards and Musk’s feet of clay",2022-12-01 08:18:32,ie,-0.058
646fddfd0576b45037ddb365,111322622,Hundreds gather in advance of Minister Coveney’s arrival to open Portershed’s new building,2023-04-20 18:42:31,ie,0.484
646fddfd0576b45037ddb366,112344956,From high rise to hard fall at Navillus: Why two Kerry siblings are facing jail in New York ,2023-04-29 12:01:55,ie,-0.145
646fddfd0576b45037ddb367,109454012,"Limerick historical sites receive total funding  of over €180,000",2023-04-07 11:00:06,ie,0.107
646fddfd0576b45037ddb368,93813096,FTSE 100 backtracks from record high as housebuilders slip,2023-02-06 19:20:46,ie,-0.09
646fddfd0576b45037ddb369,87088954,Developer Johnny Ronan in €140m deal for Citi’s Dublin HQ,2023-01-12 20:48:05,ie,-0.248
646fddfd0576b45037ddb36a,109341270,European stocks boosted despite gloomy forecast by IMF chief,2023-04-06 18:52:41,ie,-0.158
646fddfd0576b45037ddb36b,76378176,Hibernia Reit and Salesforce HQ sales drive spend on commercial property towards €6bn,2022-12-06 06:35:00,ie,-0.336
646fddfd0576b45037ddb36c,81339038,Sharp drop in housing completions expected while State targets need ‘urgent review’,2022-12-23 15:13:08,ie,-0.621
646fddfd0576b45037ddb36d,77302806,Eamon O’ Cuiv slams Government “petty-mindedness” over Traveller accommodation,2022-12-09 15:12:35,ie,0.207
646fddfd0576b45037ddb36e,109678744,From Manorhamilton with love: A dynamic Border town in full regeneration mode,2023-04-08 21:49:44,ie,0.001
646fddfd0576b45037ddb36f,90588308,"New rules on collective bargaining could transform union landscape, says Ictu general secretary Owen Reidy",2023-01-24 05:15:00,ie,0.331
646fddfd0576b45037ddb370,85434298,Citigroup signs deal for new European HQ in Dublin docklands,2023-01-06 17:37:19,ie,-0.346
646fddfd0576b45037ddb371,76603642,Investors retrench but billions in ‘dry powder’ await return to normal trading,2022-12-07 06:42:00,ie,-0.108
646fddfd0576b45037ddb372,86740474,Minister Harris gives go-ahead for next phase of proposed capital investment for TU Dublin - MerrionStreet,2023-01-11 14:47:28,ie,0.215
646fddfd0576b45037ddb373,112225806,The health coach and the docklands property: A post-crash ownership tale,2023-04-28 11:46:56,ie,-0.311
646fddfd0576b45037ddb374,82142948,Dr Rory Hearne: 2023 –Time for Ireland to take a new direction in housing,2022-12-26 21:00:11,ie,-0.122
646fddfd0576b45037ddb375,94140202,"NCT test delays to be eased with extra resources, Ryan informed",2023-02-07 21:03:35,ie,-0.14
646fddfd0576b45037ddb376,75028012,"Over a fifth of all tourist beds are now contracted to the State for refugees and others, report says",2022-12-02 03:31:00,ie,0.158
646fddfd0576b45037ddb377,111918700,"Donnelly pledges extra 1,500 hospital beds and calls for change to work practices",2023-04-26 01:05:00,ie,-0.279
646fddfd0576b45037ddb378,104957888,"Fears for Irish jobs as Amazon confirms it will cut another 9,000 jobs",2023-03-20 21:20:33,ie,-0.082
646fddfd0576b45037ddb379,95737744,Contracts signed for design and construction of €80 million development in Limerick,2023-02-13 15:07:46,ie,0.177
646fddfd0576b45037ddb37a,76597038,"UK house prices fall fastest in 14 years, Halifax says",2022-12-07 10:22:39,ie,-0.156
646fddfd0576b45037ddb37b,111994968,"Over a third of homes built in first three months of 2023 were apartments, CSO figures show",2023-04-26 15:41:22,ie,-0.057
646fddfd0576b45037ddb37c,94127930,"No plastic bottles, cups or cutlery: UCC eliminates single-use materials from campus",2023-02-07 20:07:52,ie,0.231
646fddfd0576b45037ddb37d,77200628,ESRI urges State to issue more visas to non-EU construction workers,2022-12-09 07:31:56,ie,-0.215
646fddfd0576b45037ddb37e,109298960,Approved housing bodies &amp;lsquo;not surprised&amp;rsquo; by billion euro underspend,2023-04-06 14:06:41,ie,-0.17
646fddfd0576b45037ddb37f,111721850,"ECB to keep raising interest rates until wage growth slows, says official",2023-04-24 13:46:54,ie,-0.375
646fddfd0576b45037ddb380,98226240,Rohan Holdings secure two new tenants at latest Dublin logistics scheme,2023-02-22 06:35:00,ie,-0.051
646fddfd0576b45037ddb381,111727614,Opinion: We must act now to deal with this accommodation crisis,2023-04-24 07:15:00,ie,-0.009
646fddfd0576b45037ddb382,100702796,GDP growth falls short of estimates as demand declines for second consecutive quarter,2023-03-03 16:13:29,ie,-0.093
646fddfd0576b45037ddb383,101742412,PwC hit with £5.6m fine for &amp;lsquo;serious failures&amp;rsquo; over Babcock audit,2023-03-08 13:04:51,ie,-0.204
646fddfd0576b45037ddb384,100437162,Egypt unveils newly discovered chamber inside Great Pyramid,2023-03-02 17:28:30,ie,0.119
646fddfd0576b45037ddb385,84522390,Amazing snapshot of life in Ireland in 2022 released by CSO,2023-01-03 15:42:17,ie,0.13
646fddfd0576b45037ddb386,83134404,Plan to boost spending on sports grounds by 300% rejected as lacking ‘realism’,2022-12-30 06:00:30,ie,-0.129
646fddfd0576b45037ddb387,76061984,Construction of multi-million euro AgTech Innovation Centre begins at UCD,2022-12-05 12:02:37,ie,0.2
646fddfd0576b45037ddb388,80895948,'Substantial concern' over gap in emissions reductions as new Climate Action Plan released,2022-12-21 18:54:29,ie,-0.104
646fddfd0576b45037ddb389,73667266,Report finds Ireland’s productivity 40% higher than Northern Ireland’s over the past 20 years,2022-11-28 08:31:03,ie,-0.14
646fddfd0576b45037ddb38a,91064586,The political Unionist cake is not growing. Only who wins the bigger slice alters. – Slugger O'Toole,2023-01-27 11:44:05,ie,0.054
646fddfd0576b45037ddb38b,105450354,&amp;lsquo;Impatient&amp;rsquo; new HSE boss says system is too slow and risk-averse,2023-03-22 17:50:36,ie,0.065
646fddfd0576b45037ddb38c,111809064,Is your home under-insured?,2023-04-25 06:00:00,ie,-0.339
646fddfd0576b45037ddb38d,111494860,CHANGE IN PROGRESS: The Marketing Transformation,2023-04-21 16:20:09,ie,-0.027
646fddfd0576b45037ddb38e,65226918,SMEs employed almost 69% of the workforce in Ireland in 2020,2022-11-02 18:55:53,ie,-0.113
646fddfd0576b45037ddb38f,103448552,"'Jury is out' on whether State will increase house building this year, says Tánaiste",2023-03-15 07:30:38,ie,0.0
646fddfd0576b45037ddb390,90736508,"EY Ireland settlement, Aer Lingus bags still missing and homes snarled in planning system",2023-01-26 06:58:37,ie,-0.289
646fddfd0576b45037ddb391,93988782,Job opportunities in Kilkenny to grow by 15% in 2023 - FRS Recruitment,2023-02-07 08:00:00,ie,0.162
646fddfd0576b45037ddb392,98534158,Housing starts rise in January despite increase in construction costs,2023-02-23 18:19:55,ie,-0.213
646fddfd0576b45037ddb393,97912720,FCI: TAMS 3 is &#8216;declaration of war&#8217; on agricultural contractors,2023-02-21 13:08:57,ie,-0.327
646fddfd0576b45037ddb394,80670756,"Housing minister: 'I'll be frank, we've got to revisit the tax treatment for small landlords'",2022-12-21 01:05:49,ie,-0.201
646fddfd0576b45037ddb395,102301910,Minister Donohoe to present project delivery reforms as part of new Departmental remit - MerrionStreet,2023-03-10 16:30:27,ie,0.113
646fddfd0576b45037ddb396,112244840,Call for roadworks at Roscam to be paused during peak hours due to “traffic gridlock”,2023-04-28 14:27:31,ie,-0.026
646fddfd0576b45037ddb397,68033794,Revolving Door: Revealing the relationship between government officials and lobbyists,2022-11-11 01:05:12,ie,0.114
646fddfd0576b45037ddb398,70053056,Karlin Lillington: A wild geese of tech scenario keeps Ireland fretting,2022-11-17 07:00:00,ie,-0.079
646fddfd0576b45037ddb399,72384868,Strike action by childcare providers tomorrow cancelled as meeting with Minister planned,2022-11-24 13:02:50,ie,-0.326
646fddfd0576b45037ddb39a,72505524,State to invest millions to help universities build thousands of student apartments,2022-11-24 21:00:00,ie,-0.288
646fddfd0576b45037ddb39b,66440040,"Taoiseach Micheál Martin interview: &amp;lsquo;It&amp;rsquo;s not all about ego – I believe in governments going the full term, to get policies delivered&amp;rsquo;",2022-11-06 07:43:53,ie,0.226
646fddfd0576b45037ddb39c,102165150,School communities in limbo as funding stalled for extensions,2023-03-10 08:00:53,ie,-0.444
646fddfd0576b45037ddb39d,83400846,Demands on government to step up on climate crisis as new action plan takes hold,2022-12-31 01:05:20,ie,0.147
646fddfd0576b45037ddb39e,77065906,"Pesticide lobbyists pushing against environmental protections, research finds",2022-12-08 21:02:26,ie,-0.12
646fddfd0576b45037ddb39f,90340188,Building Advice: Will construction costs come down?,2023-01-24 20:29:00,ie,-0.114
646fddfd0576b45037ddb3a0,112259758,Plans lodged for new factory at IDA Business Park in Ballinasloe,2023-04-28 16:12:30,ie,-0.026
646fddfd0576b45037ddb3a1,82621108,Biomethane/fertiliser project unveiled by Local Power,2022-12-28 16:05:33,ie,0.038
646fddfd0576b45037ddb3a2,111994974,Microsoft's €62bn buyout of Call Of Duty-maker Activision-Blizzard is blocked by UK regulator,2023-04-26 15:44:48,ie,0.114
646fddfd0576b45037ddb3a3,84701736,Many tenants overholding on properties as they can find nowhere else to go,2023-01-04 05:20:00,ie,-0.533
646fddfd0576b45037ddb3a4,91809806,Business group Ibec warns housing crisis is 'critical barrier to growth and business investment',2023-01-30 10:24:36,ie,-0.129
646fddfd0576b45037ddb3a5,71254664,Greencastle’s new sea survival training unit to be progressed in 2023,2022-11-19 13:31:48,ie,0.201
646fddfd0576b45037ddb3a6,68372486,Construction industry lobbying to change law and reduce planning challenges,2022-11-12 01:05:47,ie,-0.188
646fddfd0576b45037ddb3a7,105484102,Kilkenny people invited to consultation on Ireland's housing system,2023-03-22 20:24:00,ie,0.128
646fddfd0576b45037ddb3a8,89798494,Money Diaries: A health and social care worker on €63K living in the east of the country,2023-01-22 22:00:07,ie,-0.036
646fddfd0576b45037ddb3a9,64968584,Forestry and wood sectors worth more than €2 billion annually to economy according to new COFORD study - MerrionStreet,2022-11-01 15:14:10,ie,0.337
646fddfd0576b45037ddb3aa,101827358,Firm seeks injunction to restrain Unite member employees from taking industrial action,2023-03-08 20:54:49,ie,-0.336
646fddfd0576b45037ddb3ab,88657220,"Almost 20,000 new workers needed for Scotland&amp;rsquo;s construction sector, report says",2023-01-18 15:26:06,ie,0.046
646fddfd0576b45037ddb3ac,85518480,Immunologist says stronger advice on mask-wearing needed amid surge in respiratory viruses,2023-01-07 01:05:55,ie,-0.396
646fddfd0576b45037ddb3ad,95977232,Two years&#039; worth of new homes awaiting planning permission,2023-02-14 11:56:00,ie,-0.367
646fddfd0576b45037ddb3ae,71644704,FactCheck: Is the State the ‘biggest player in housing’?,2022-11-22 07:00:03,ie,-0.214
646fddfd0576b45037ddb3af,112426338,"‘Disaster’ coming if housing isn’t fixed, head of 2008 crash inquiry warns",2023-04-30 07:30:32,ie,-0.502
646fddfd0576b45037ddb3b0,76906660,What does the 2023 housing market have in store? Property experts make their predictions,2022-12-08 06:55:00,ie,-0.149
646fddfd0576b45037ddb3b1,86510252,"From increased spending to tax breaks, can the ideas discussed at summit fix the housing crisis?",2023-01-10 22:09:33,ie,-0.258
646fddfd0576b45037ddb3b2,102912534,"Apple tax case heads back to court, Bank of Ireland’s share awards and what next for Silicon Valley Bank",2023-03-13 07:33:54,ie,0.112
646fddfd0576b45037ddb3b3,70665358,Housing market not ready for era of mass retirement,2022-11-19 03:30:00,ie,0.213
646fddfd0576b45037ddb3b4,80484594,‘Heads must roll’: Industry and experts argue energy crisis of ‘our own making’,2022-12-20 10:30:32,ie,-0.244
646fddfd0576b45037ddb3b5,110561762,Carousel further expands its European handling and Customs clearance services,2023-04-13 10:44:36,ie,0.12
646fddfd0576b45037ddb3b6,101013558,Green Limerick: ‘Mid-West should be the envy of Europe’,2023-03-04 19:22:00,ie,-0.019
646fddfd0576b45037ddb3b7,65266488,"New homes target of 24,600 to be ‘exceeded’ but social and affordable housing goals in doubt",2022-11-02 20:55:55,ie,-0.396
646fddfd0576b45037ddb3b8,99587388,€5.4m European digital innovation hub launched to help SMEs apply digital skills to their businesses,2023-02-27 16:15:47,ie,0.293
646fddfd0576b45037ddb3b9,81105950,Minister Harris announces publication of construction legislation and skills analysis report for the construction sector - MerrionStreet,2022-12-22 15:49:20,ie,0.168
646fddfd0576b45037ddb3ba,75791210,Quinn: Grit and Greed on the Border,2022-12-04 20:44:35,ie,-0.123
646fddfd0576b45037ddb3bb,107004700,"LDA identifies 83-State owned sites with potential for 67,000 homes in 'medium to long-term'",2023-03-28 11:33:45,ie,-0.085
646fddfd0576b45037ddb3bc,67506118,BREAKING: €170.6m investment in Waterford North Quays confirmed - construction looming!,2022-11-09 13:16:39,ie,0.497
646fddfd0576b45037ddb3bd,110682610,Approval of employment order will mean construction sector pay rise,2023-04-14 16:03:54,ie,-0.145
646fddfd0576b45037ddb3be,88874556,"Bursary boost of €10,000 for renewable energy students",2023-01-19 10:20:26,ie,0.67
646fddfd0576b45037ddb3bf,86680838,"Enterprise Ireland client companies create nearly 20,000 jobs in 2022",2023-01-10 18:03:37,ie,0.165
646fddfd0576b45037ddb3c0,77633282,Who is going to pay for development of thousands of new homes Ireland needs to build?,2022-12-10 15:26:55,ie,-0.301
646fddfd0576b45037ddb3c1,110097898,Wavin Launches Environmental Product Declarations (EPD) for its Product Portfolio,2023-04-11 14:11:00,ie,0.082
646fddfd0576b45037ddb3c2,72035154,Irish tech sector &amp;lsquo;will grow next year despite cuts to workforce&amp;rsquo;,2022-11-23 12:24:54,ie,-0.673
646fddfd0576b45037ddb3c3,100377200,Logistics sector shines light on careers opportunities,2023-03-02 12:33:29,ie,0.441
646fddfd0576b45037ddb3c4,101221044,Ken Aherne appointed Managing Director of Sisk Ireland East business,2023-03-03 12:11:10,ie,0.879
646fddfd0576b45037ddb3c5,76552350,Pandemic persuades Varadkar of the virtue of greater State intervention in economy,2022-12-07 06:54:40,ie,0.062
646fddfd0576b45037ddb3c6,105020628,Colleges move to tackle threat posed by students using ChatGPT to pass work off as their own,2023-03-21 04:07:33,ie,0.172
646fddfd0576b45037ddb3c7,74826468,Texthelp founder named 2022 EY entrepreneur of the year,2022-12-01 11:56:00,ie,0.64
646fddfd0576b45037ddb3c8,99752922,"Green light for Howth Castle plan, cheaper electricity for SMEs, and new rules for divorced homebuyers",2023-02-28 07:37:48,ie,0.16
646fddfd0576b45037ddb3c9,71884074,College graduates gain employment in record numbers after Covid-19 rebound,2022-11-23 01:00:00,ie,0.401
646fddfd0576b45037ddb3ca,90466452,"Ulster Bank branches to close, Glenveagh’s investor, and ethical pension investing",2023-01-25 08:11:07,ie,0.011
646fddfd0576b45037ddb3cb,77355332,Sharp drop in planning permissions for new homes,2022-12-09 18:16:00,ie,-0.314
646fddfd0576b45037ddb3cc,81596990,Economy in 2022: Ireland’s two tiers have come into sharp focus,2022-12-24 16:28:04,ie,-0.197
646fddfd0576b45037ddb3cd,76556666,"Rising levels of waste making it difficult to increase recycling rates, EPA warns",2022-12-07 07:00:13,ie,-0.245
646fddfd0576b45037ddb3ce,76249144,&amp;lsquo;Power demand capacity would triple&amp;rsquo; – number of data centres could hit 150 putting strain on gas supply and climate targets,2022-12-06 09:19:37,ie,-0.3
646fddfd0576b45037ddb3cf,72517754,State needs to play role in ‘landbanking’ if housing shortage is to be addressed,2022-11-24 21:32:41,ie,-0.168
646fddfd0576b45037ddb3d0,76603650,The top 10 commercial property deals of 2022,2022-12-07 07:00:00,ie,0.042
646fddfd0576b45037ddb3d1,80960538,Nitrogen limits on farms to be reviewed under new Climate Action Plan,2022-12-21 18:28:16,ie,-0.278
646fddfd0576b45037ddb3d2,101892762,John Paul Construction appoints Helen Forbes as HR Director,2023-03-07 10:39:21,ie,0.763
646fddfd0576b45037ddb3d3,101765904,Measures needed to address ‘severe shortage’ of housing in Kilkenny,2023-03-08 14:48:22,ie,0.044
646fddfd0576b45037ddb3d4,79139864,Nurses across Northern Ireland strike over pay and safe staffing levels,2022-12-15 10:32:05,ie,-0.088
646fddfd0576b45037ddb3d5,100449016,Minister Donohoe's Seanad Statement on The National Development Plan (NDP)  - MerrionStreet,2023-03-02 16:32:18,ie,0.14
646fddfd0576b45037ddb3d6,76592950,"EU Council TEN-T approach good for passengers, but falls short on freight",2022-12-06 21:04:52,ie,-0.084
646fddfd0576b45037ddb3d7,105134914,Morris Leslie Plant Hire places €100m order with JCB,2023-03-21 13:01:00,ie,-0.233
646fddfd0576b45037ddb3d8,105077890,Aengus Consulting Ltd appoints Eleanor Boland and Carol Connery as Directors,2023-03-21 08:46:02,ie,0.611
646fddfd0576b45037ddb3d9,99514294,Mark McAuley: Ireland must embrace low carbon timber building systems to reduce emissions from construction,2023-02-27 06:00:00,ie,0.447
646fddfd0576b45037ddb3da,90126086,Planning for university? Your career prospects after college,2023-01-24 02:00:00,ie,0.671
646fddfd0576b45037ddb3db,75115926,Ireland’s domestic economy contracts as cost-of-living challenges mount,2022-12-02 14:06:36,ie,0.037
646fddfd0576b45037ddb3dc,83221596,No work-related fatalities recorded in Kilkenny in 2022,2022-12-30 11:35:36,ie,0.122
646fddfd0576b45037ddb3dd,103290394,'We have turned a corner': Pre-budget tax breaks for renters and landlords dismissed by Tánaiste,2023-03-14 17:10:00,ie,-0.488
646fddfd0576b45037ddb3de,70997432,Revealed: €476m budget for housing still unspent as crisis grows,2022-11-20 03:30:00,ie,-0.487
646fddfd0576b45037ddb3df,80850762,Climate Action Plan: &#8216;We should not see climate action as a burden&#8217;,2022-12-21 17:43:50,ie,0.37
646fddfd0576b45037ddb3e0,87140664,"Wave of small landlords selling investment properties, claims report",2023-01-13 01:25:06,ie,-0.255
646fddfd0576b45037ddb3e1,105434374,Ukraine war: Zelenskiy visits frontline near Bakhmut,2023-03-22 16:36:34,ie,0.211
646fddfd0576b45037ddb3e2,87174040,DUP must give up its divisive sabre-rattling and do what&amp;rsquo;s best for people of the North,2023-01-13 04:43:05,ie,0.044
646fddfd0576b45037ddb3e3,108580290,"Irish property prices show ‘modest slowdown’, says MyHome.ie",2023-04-03 06:15:00,ie,-0.132
646fddfd0576b45037ddb3e4,83287078,Sales advisors and other positions available in the agri sector,2022-12-30 16:00:00,ie,0.387
646fddfd0576b45037ddb3e5,80188334,The Explainer x Noteworthy: Are data centres ramping up Ireland’s emissions?,2022-12-19 08:00:51,ie,-0.157
646fddfd0576b45037ddb3e6,96842170,Leading Chinese banker missing amid crackdown,2023-02-17 12:02:02,ie,-0.372
646fddfd0576b45037ddb3e7,74820554,"Starting pay well below minimum wages is turning people off apprenticeships, union warns",2022-12-01 18:33:25,ie,-0.293
646fddfd0576b45037ddb3e8,79578818,Spurdog quota creates new opportunities for Donegal’s fishermen,2022-12-16 23:10:59,ie,0.25
646fddfd0576b45037ddb3e9,110881876,Activity in new homes construction falls for sixth month in a row,2023-04-17 07:08:50,ie,-0.423
646fddfd0576b45037ddb3ea,103063874,Eamon Quinn: Parallels between SVB collapse and 2008 banking crisis are very real,2023-03-13 20:45:00,ie,-0.137
646fddfd0576b45037ddb3eb,101394420,Commodities drive fall as FTSE outperformed by European peers,2023-03-06 19:10:29,ie,-0.106
646fddfd0576b45037ddb3ec,88176096,DCT unveils rebrand,2023-01-16 22:15:32,ie,0.201
646fddfd0576b45037ddb3ed,86982208,Are we waiting for an Irish recession which may never arrive?,2023-01-12 11:53:51,ie,-0.393
646fddfd0576b45037ddb3ee,103460286,Kathy Sheridan: Truth the first casualty in a housing crisis,2023-03-15 09:15:36,ie,-0.259
646fddfd0576b45037ddb3ef,106236758,Over 100 Donegal students celebrate Engineers Week at ATU – Picture Special,2023-03-25 11:05:19,ie,0.643
646fddfd0576b45037ddb3f0,74104770,Productivity in NI is 40% lower than the Republic – Slugger O'Toole,2022-11-29 11:37:56,ie,-0.131
646fddfd0576b45037ddb3f1,87287372,"Tánaiste and Minister for Foreign Affairs, Micheál Martin TD, announces launch of Shared Island Civic Society Fund - MerrionStreet",2023-01-13 12:20:35,ie,0.648
646fddfd0576b45037ddb3f2,111496100,Just 40% of planned new hospital bed capacity delivered in 2022,2023-04-22 06:00:00,ie,0.046
646fddfd0576b45037ddb3f3,79287782,"Biodiversity funding gap stalls progress at Cop15, heaping pressure on ministers to resolve sticking points",2022-12-15 21:26:17,ie,-0.165
646fddfd0576b45037ddb3f4,70997442,"The most effective ways to get results when complaining to a restaurant, a bank, or a telco without being labelled a &amp;lsquo;moaner&amp;rsquo; or worse still, ignored",2022-11-20 03:30:00,ie,-0.055
646fddfd0576b45037ddb3f5,109775044,Hotel &#039;the likes of which Cork has never seen&#039; promised by new owner of former South Mall bank,2023-04-09 14:20:44,ie,0.25
646fddfd0576b45037ddb3f6,79079310,Ireland to experience sharp growth slowdown as cost-of-living pressures mount,2022-12-15 06:00:52,ie,-0.062
646fddfd0576b45037ddb3f7,68724968,Allowing older workers to quit the labour force is causing a ruinous skills shortage,2022-11-13 03:30:00,ie,0.293
646fddfd0576b45037ddb3f8,78571358,Calls to encourage growth of hemp in Ireland,2022-12-13 13:45:00,ie,0.199
646fddfd0576b45037ddb3f9,84067714,Property-sector deals to retreat from near-record €5.5bn levels of last year,2023-01-02 03:30:00,ie,-0.44
646fddfd0576b45037ddb3fa,70866722,Unlocking the potential: Cork’s docklands could breathe life into the city,2022-11-19 19:00:00,ie,0.504
646fddfd0576b45037ddb3fb,111878118,Game-changing Greencastle breakwater to be completed by end of 2023,2023-04-25 17:58:53,ie,0.184
646fddfd0576b45037ddb3fc,72720722,Why I&#39;m happy Ireland didn&#39;t qualify for the Qatar World Cup,2022-11-25 10:42:56,ie,-0.597
646fddfd0576b45037ddb3fd,98394976,"Local councils paying significantly more for social housing, department figures show",2023-02-23 06:45:00,ie,-0.282
646fddfd0576b45037ddb3fe,83078684,HSA confirms 26 work-related fatalities in Ireland in 2022,2022-12-30 02:04:10,ie,0.095
646fddfd0576b45037ddb3ff,111703842,New €1.1 million Sligo childcare facility to open this summer creating 25 jobs,2023-04-24 10:44:54,ie,0.284
646fddfd0576b45037ddb400,110850984,Drop in diesel demand may indicate future recession risk,2023-04-16 22:37:50,ie,-0.056
646fddfd0576b45037ddb401,72717384,Wind farmers claim windfall tax will damage industry,2022-11-25 11:36:26,ie,-0.387
646fddfd0576b45037ddb402,67744110,All Island Resilience Conference - MerrionStreet,2022-11-09 18:38:33,ie,0.545
646fddfd0576b45037ddb403,83178548,Farming accounts for almost half of work-related fatalities in 2022,2022-12-30 09:30:00,ie,-0.117
646fddfd0576b45037ddb404,67629616,'I got this wrong': Meta's layoffs and what they mean for Ireland,2022-11-09 21:00:03,ie,-0.196
646fddfd0576b45037ddb405,72493884,Opaque pricing hides actual value of SaaS,2022-11-24 18:48:07,ie,-0.469
646fddfd0576b45037ddb406,78726642,Feeder schools: Ironing out statistical quirks,2022-12-14 02:00:00,ie,-0.292
646fddfd0576b45037ddb407,101395656,"After Saudi plans and 'bumps in the road', State's 'biggest' regeneration project breaks ground",2023-03-06 19:03:16,ie,0.369
646fddfd0576b45037ddb408,70454104,Twenty four local firms vie for top honours at Limerick Chamber business awards,2022-11-18 13:00:00,ie,0.273
646fddfd0576b45037ddb409,98689558,"Pepper’s interest rate hike, Digicel downgrade and Stripe’s fundraising",2023-02-24 07:35:05,ie,-0.013
646fddfd0576b45037ddb40a,101336640,TAMS 3 is &#8216;out of date already&#8217; &#8211; ICMSA,2023-03-06 11:30:15,ie,-0.774
646fddfd0576b45037ddb40b,84435260,Home-buyers paying out almost eight times the average wage for a home ,2023-01-03 09:14:18,ie,-0.05
646fddfd0576b45037ddb40c,101518206,Kilkenny craftspeople encouraged to carve out a career in built heritage,2023-03-07 10:35:55,ie,0.628
646fddfd0576b45037ddb40d,74737984,Homebuilding slumps by 16% as construction inflation soars,2022-12-01 13:34:53,ie,-0.186
646fddfd0576b45037ddb40e,97898068,Macra hits out at omission of milking parlour building costs in TAMS,2023-02-21 12:30:00,ie,0.001
646fddfd0576b45037ddb40f,112222344,INMO call for Health and Safety Authority resources to protect healthcare staff from danger,2023-04-28 10:53:28,ie,-0.159
646fddfd0576b45037ddb410,71757522,Opposition parties join forces to pressure Government over housing emergency,2022-11-22 15:31:11,ie,-0.27
646fddfd0576b45037ddb411,112308642,"More action needed to ensure healthcare workers are better protected, INMO president says",2023-04-28 19:00:07,ie,-0.006
646fddfd0576b45037ddb412,96380056,Popular supermarket chain increases workforce in Limerick,2023-02-15 20:30:00,ie,0.159
646fddfd0576b45037ddb413,91950702,First Hydrogen reveals preview of next-generation vans,2023-01-30 22:53:45,ie,-0.017
646fddfd0576b45037ddb414,104918108,&#8216;Soils Day&#8217;: All soil is different and must be managed accordingly,2023-03-20 16:00:00,ie,0.113
646fddfd0576b45037ddb415,103462570,Work to develop new €24m university campus in Limerick to begin in coming weeks,2023-03-15 08:30:00,ie,-0.118
646fddfd0576b45037ddb416,109234602,Housebuilding targets are going to clash with Government&amp;rsquo;s climate goals,2023-04-06 03:30:00,ie,-0.23
646fddfd0576b45037ddb417,100085780,Gas was primary source of electricity generation in January,2023-03-01 11:50:00,ie,-0.239
646fddfd0576b45037ddb418,81046830,Climate Action Plan: Focus on solar power broadly welcomed,2022-12-22 12:20:00,ie,-0.013
646fddfd0576b45037ddb419,80883536,"Climate Action Plan pins hopes on greener buildings, cleaner transport and a lot more wind – but activists say implementation is key",2022-12-21 21:36:04,ie,-0.096
646fddfd0576b45037ddb41a,100396210,Turkish Airlines Posts Record Annual Revenues,2023-03-02 12:33:57,ie,0.172
646fddfd0576b45037ddb41b,76155726,"Rent inflation pushing more people to buy, industry group warns",2022-12-06 01:01:00,ie,-0.214
646fddfd0576b45037ddb41c,70627816,Who runs Ireland’s road tolls and who gets the money?,2022-11-19 01:01:00,ie,0.034
646fddfd0576b45037ddb41d,85437328,"Minister Martin confirms funding of €300,000 for Minding Creative Minds as part of the Safe to Create Programme - MerrionStreet",2023-01-06 14:30:36,ie,0.216
646fddfd0576b45037ddb41e,79522166,McConalogue confirms opening of new fishery at meeting with inshore sector - MerrionStreet,2022-12-16 16:49:54,ie,0.211
646fddfd0576b45037ddb41f,80864692,Government launches updated Climate Action Plan accelerating ambition in reaching climate goals  - MerrionStreet,2022-12-21 17:27:42,ie,0.551
646fddfd0576b45037ddb420,70543392,"Lack of basic facilities discouraging women from taking up building and other trades, says union",2022-11-18 18:55:11,ie,-0.14
646fddfd0576b45037ddb421,110816778,Climate envoy Kerry: There can be no rolling back on clean energy transition,2023-04-16 14:50:50,ie,0.054
646fddfd0576b45037ddb422,71639878,Church ethos and role in healthcare or education can no longer be funded by State,2022-11-22 06:00:31,ie,0.196
646fddfd0576b45037ddb423,86241218,Fish producers welcome change to permit scheme for migrants,2023-01-09 23:30:04,ie,0.176
646fddfd0576b45037ddb424,81068690,Topcon invests in the future of construction with donation to TU Dublin,2022-12-21 11:43:29,ie,0.23
646fddfd0576b45037ddb425,98569650,Number of people working in agriculture fell in 2022,2023-02-23 21:43:38,ie,-0.413
646fddfd0576b45037ddb426,92227246,SDC delivers 30 new trailers to McBurney Transport,2023-01-31 17:30:27,ie,0.621
646fddfd0576b45037ddb427,65322096,"Construction industry slows as costs rise and uncertainty grows, survey finds",2022-11-03 01:29:52,ie,-0.153
646fddfd0576b45037ddb428,70357214,"Equestrian body spent more than €650,000 on severance payments and settlements",2022-11-18 06:00:00,ie,-0.371
646fddfd0576b45037ddb429,73518598,Money Diaries: A mum with a young family who recently moved home to Ireland after 15 years away,2022-11-27 21:00:42,ie,0.093
646fddfd0576b45037ddb42a,82188712,Soft plastic is being collected but almost all is burned in Irish kilns or recycled abroad,2022-12-27 01:05:20,ie,0.025
646fddfd0576b45037ddb42b,110882822,McRedmond calls time; home building on hold; and are modern offices fit for purpose,2023-04-17 07:14:54,ie,-0.141
646fddfd0576b45037ddb42c,111503868,Analysis: The €26 billion surplus could be used in a politically and financially clever way,2023-04-22 08:00:24,ie,-0.037
646fddfd0576b45037ddb42d,76603632,"VAT, levies, planning and other costs are making it unviable to build apartments",2022-12-07 06:53:00,ie,0.046
646fddfd0576b45037ddb42e,84486848,What’s next? Our predictions on the issues to dominate education in 2023,2023-01-03 13:00:00,ie,-0.245
646fddfd0576b45037ddb42f,77288848,‘Large decline’ in planning permissions for new homes amid costs squeeze,2022-12-09 13:46:59,ie,-0.311
646fddfd0576b45037ddb430,85058362,Applied Driving partners with Institute of Highway Engineers,2023-01-05 12:59:58,ie,0.07
646fddfd0576b45037ddb431,67744118,Government approval of €170.6m investment in Waterford’s North Quays paves way for Ireland’s largest urban regeneration project - MerrionStreet,2022-11-09 18:19:42,ie,0.597
646fddfd0576b45037ddb432,103129166,What skills are needed in the current economic climate?,2023-03-14 03:00:00,ie,0.233
646fddfd0576b45037ddb433,81935190,Irish in Canada falling out of legal status due to delays in processing residency applications,2022-12-26 04:00:00,ie,-0.227
646fddfd0576b45037ddb434,69948360,Climate tech 2.0 still has a one per cent problem,2022-11-16 13:50:22,ie,-0.341
646fddfd0576b45037ddb435,110881884,Una Mullally: Dublin has an ambience issue. Tourists don’t want to come here,2023-04-17 07:08:50,ie,-0.322
646fddfd0576b45037ddb436,111384338,Ten year delays to N59 upgrade in Connemara likened to “sick joke”,2023-04-21 07:58:33,ie,0.484
646fddfd0576b45037ddb437,77215772,ESRI: State should &#039;regulate land&#039; prices to drive down the cost of housing,2022-12-09 08:28:58,ie,0.272
646fddfd0576b45037ddb438,77225596,French economy clings on to growth as energy concerns mount,2022-12-09 09:16:55,ie,-0.084
646fddfd0576b45037ddb439,111916864,Follow Live: Macra ‘Steps for our Future’ March to Government Buildings,2023-04-26 00:25:00,ie,0.36
646fddfd0576b45037ddb43a,101644142,Central Bank warns poor housing supply is a 'constraint' on Irish economy,2023-03-08 01:05:21,ie,-0.003
646fddfd0576b45037ddb43b,86076974,"Taoiseach Leo Varadkar &amp;lsquo;will do all it takes, leaving no stone unturned&amp;rsquo; to end housing emergency – except touch the €5bn surplus",2023-01-09 10:17:04,ie,0.053
646fddfd0576b45037ddb43c,111044902,Opinion: Grip of winter remains a reality on almost every farm,2023-04-18 13:40:00,ie,-0.399
646fddfd0576b45037ddb43d,107179316,Asking prices for homes in Ireland fall for first time since 2013,2023-03-29 01:00:00,ie,-0.386
646fddfd0576b45037ddb43e,92198988,"Extending opening hours &#039;will increase the amount of harm from alcohol&#039;, committee told",2023-01-31 20:41:00,ie,0.172
646fddfd0576b45037ddb43f,89285318,"Relying on private sector to build houses a ‘vulnerability’, officials say",2023-01-20 20:32:03,ie,-0.131
646fddfd0576b45037ddb440,106997586,Housebuilder Bellway flags signs of recovery after plunging demand,2023-03-28 11:16:37,ie,-0.097
646fddfd0576b45037ddb441,81068686,Walls Construction announce Design + Construct donation,2022-12-20 11:09:40,ie,0.52
646fddfd0576b45037ddb442,74437232,Unemployment still at two-decade low despite souring outlook,2022-11-30 16:08:34,ie,-0.033
646fddfd0576b45037ddb443,68252018,A €6bn region: Limerick Chamber provides helicopter view of investments in Mid-West,2022-11-11 16:00:00,ie,0.055
646fddfd0576b45037ddb444,80236680,Rising building costs could lead to many houses in Kilkenny being underinsured,2022-12-19 12:55:43,ie,-0.314
646fddfd0576b45037ddb445,78657154,"State should take equity stake in houses built by housing bodies, committee told",2022-12-13 19:47:56,ie,-0.204
646fddfd0576b45037ddb446,100212512,Dublin 7 site with full planning for 68 rental apartments seeks €3.5m,2023-03-01 06:00:00,ie,0.247
646fddfd0576b45037ddb447,70006780,Shortlist announced for KPMG Irish Independent Property Industry Excellence Awards,2022-11-17 03:30:00,ie,0.742
646fddfd0576b45037ddb448,98733160,"‘Large-scale change’ needed in court, judicial workings to achieve efficient system - report",2023-02-24 11:13:20,ie,0.189
646fddfd0576b45037ddb449,102145242,Industrial action involving engineering company’s employees to proceed,2023-03-09 16:31:27,ie,-0.37
646fddfd0576b45037ddb44a,65883980,Glan Agua Ltd and Easy Hydro Ltd enter strategic alliance,2022-11-04 12:13:31,ie,0.046
646fddfd0576b45037ddb44b,69067956,"Largest Scarp case, Black Friday doubts and the unspoken mess of Brexit",2022-11-14 07:31:27,ie,-0.014
646fddfd0576b45037ddb44c,65324114,Progress Report on the Food Vision Beef and Sheep Group published - MerrionStreet,2022-11-02 17:35:59,ie,0.007
646fddfd0576b45037ddb44d,72691986,McConalogue hails positive meeting with fishing industry,2022-11-25 10:25:31,ie,0.513
646fddfd0576b45037ddb44e,91597692,‘Boys are often targeted and radicalised online’,2023-01-29 13:30:00,ie,0.085
646fddfd0576b45037ddb44f,68416948,Brussels tips Ireland to escape worst even as EU flirts with recession,2022-11-12 04:53:04,ie,-0.219
646fddfd0576b45037ddb450,82799484,Owen Keegan: We disagree fundamentally with those groups... who continue to promote and sustain rough sleeping’,2022-12-29 06:00:00,ie,-0.379
646fddfd0576b45037ddb451,102220126,Strike action by mechanical workers underway outside Intel and Pfizer sites,2023-03-10 12:36:35,ie,-0.136
646fddfd0576b45037ddb452,74379690,Krone Trailers cater for the construction sectors,2022-11-29 21:59:24,ie,0.259
646fddfd0576b45037ddb453,77182780,Justine McCarthy: Wallace’s sympathy for Iranian regime strips bare his faux radicalism,2022-12-09 06:00:00,ie,-0.169
646fddfd0576b45037ddb454,84714102,Cost of building hundreds of schools soars amid construction inflation,2023-01-04 06:00:31,ie,0.09
646fddfd0576b45037ddb455,71475652,"Government to &amp;lsquo;further expedite&amp;rsquo; delivery of houses, minister says",2022-11-21 18:18:25,ie,0.057
646fddfd0576b45037ddb456,111715202,"Irish workforce among most productive in the world, CSO report finds",2023-04-24 12:16:03,ie,-0.173
646fddfd0576b45037ddb457,74298196,Department of Health demands final costs for new children’s hospital,2022-11-30 06:00:00,ie,-0.299
646fddfd0576b45037ddb458,102416112,OUT \ LOOK Guinness Six Nations Scores with The Dynamic Difference,2023-03-10 15:27:46,ie,0.482
646fddfd0576b45037ddb459,101892764,KPMG Construction Advisory names Wes Jesson as MD,2023-03-06 12:16:42,ie,0.249
646fddfd0576b45037ddb45a,79888248,New planning bill won&amp;rsquo;t help solve housing crisis say experts — but self-builds just might,2022-12-18 03:30:00,ie,0.032
646fddfd0576b45037ddb45b,98819612,Sales positions and other agri jobs available,2023-02-24 18:15:00,ie,0.473
646fddfd0576b45037ddb45c,111385362,Minister Simon Coveney lays ceremonial block at major new creative innovation hub in city,2023-04-21 08:12:32,ie,0.484
646fddfd0576b45037ddb45d,95777710,Dublin bus operator Go-Ahead &amp;lsquo;must pay more during cost-of-living crisis&amp;rsquo; to avoid strikes,2023-02-13 18:20:47,ie,0.025
646fddfd0576b45037ddb45e,84345242,Ireland&amp;rsquo;s property market &amp;lsquo;resilient&amp;rsquo; to cost-of-living fears – report,2023-01-03 02:11:16,ie,-0.152
646fddfd0576b45037ddb45f,90513560,Government housing loan body sees 49% growth in approvals,2023-01-25 11:37:03,ie,-0.279
646fddfd0576b45037ddb460,106935642,"State sitting on enough land for more than 60,000 homes - including racecourse, mint and barracks sites",2023-03-28 05:23:37,ie,-0.106
646fddfd0576b45037ddb461,87999212,Oxfam calls for wealth tax as the number of Ireland&#039;s super-rich doubles in a decade,2023-01-16 08:10:06,ie,0.144
646fddfd0576b45037ddb462,103815428,Murdock Group appoints Kieran Burke CEO of Brooks,2023-03-15 15:59:02,ie,0.469
646fddfd0576b45037ddb463,70268516,Construction company building hundreds of social housing units goes into examinership,2022-11-17 23:44:55,ie,-0.34
646fddfd0576b45037ddb464,88892912,New offices drive demand in Dublin as investors and occupiers shy away from older stock,2023-01-18 06:30:00,ie,0.362
646fddfd0576b45037ddb465,77780926,Growing payment crisis threatens to cripple building industry and send young workers abroad,2022-12-11 03:30:00,ie,-0.382
646fddfd0576b45037ddb466,90756052,"Over 28,700 units of large developments are awaiting An Bord Pleanála permission",2023-01-26 08:28:37,ie,-0.403
646fddfd0576b45037ddb467,99727544,"Gender pay gap widest in finance and construction sectors, report finds",2023-02-28 05:35:00,ie,-0.063
646fddfd0576b45037ddb468,82776162,Revealed: the jobs with the largest pay hikes in 2022 as average wages laid bare,2022-12-29 03:30:00,ie,0.225
646fddfd0576b45037ddb469,100497542,Mechanical workers at major engineering firms vote to strike over discontinued allowance,2023-03-02 22:29:21,ie,-0.196
646fddfd0576b45037ddb46a,111304134,"Future buildings may need to be designed to cool down better, says Met Eireann",2023-04-20 15:52:51,ie,0.024
646fddfd0576b45037ddb46b,105795570,Engineering firm granted interim injunction to prevent industrial action,2023-03-23 21:28:58,ie,-0.376
646fddfd0576b45037ddb46c,69874346,Hydrogen related events at WorldSkills at Belfast Met this week,2022-11-16 10:12:57,ie,0.159
646fddfd0576b45037ddb46d,81254468,"All sectors will get 'fair hearing' on taxation if SF gets into power, McDonald insists",2022-12-23 07:30:51,ie,0.095
646fddfd0576b45037ddb46e,107987560,CNH acquires tech firm for $175m,2023-03-31 17:45:00,ie,0.048
646fddfd0576b45037ddb46f,86050410,Housebuilding activity contracts sharply for third month running,2023-01-09 07:52:08,ie,-0.265
646fddfd0576b45037ddb470,109234612,"65,000 potential homes trapped in planning limbo",2023-04-05 16:44:38,ie,-0.273
646fddfd0576b45037ddb471,111496122,"Earth Day: 55 reasons to be hopeful for our future, by Michael D Higgins, Colm O’Regan, Ella McSweeney, Manchán Magan and many more . . .",2023-04-22 06:00:00,ie,0.13
646fddfd0576b45037ddb472,94557268,"Transport spending: Town and local bus services are the priority, says Eamon Ryan",2023-02-09 09:11:23,ie,0.3
646fddfd0576b45037ddb473,74712190,Pfizer confirms €1.2bn investment plan for Dublin facility,2022-12-01 11:36:19,ie,0.34
646fddfd0576b45037ddb474,89179532,Minister Ryan launches Ireland's first all-electric town bus service in Athlone - MerrionStreet,2023-01-20 12:04:21,ie,0.398
646fddfd0576b45037ddb475,106690196,"Next two years ‘critical’ for home energy upgrade targets, says SEAI",2023-03-27 06:00:00,ie,-0.076
646fddfd0576b45037ddb476,76280256,Action taken against three Donegal quarry operators,2022-12-06 11:29:38,ie,-0.287
646fddfd0576b45037ddb477,85466114,Glenveagh setback this week may open up opportunity for rival Cairn,2023-01-06 17:03:08,ie,-0.369
646fddfd0576b45037ddb478,105333626,Frascati Centre in Blackrock ‘quietly’ on market with €100m price tag,2023-03-22 07:00:00,ie,0.186
646fddfd0576b45037ddb479,111529816,Extra measures to speed up home building to be considered by Cabinet,2023-04-22 14:17:12,ie,-0.021
646fddfd0576b45037ddb47a,80762300,The 9 at 9: Wednesday · TheJournal.ie,2022-12-21 09:50:00,ie,-0.056
646fddfd0576b45037ddb47b,109249440,"Department failed to spend €1bn earmarked for housing over past three years, new figures show",2023-04-06 08:00:00,ie,-0.228
646fddfd0576b45037ddb47c,107656258,Minister Donohoe announces a package of actions to enhance delivery of vital public projects - MerrionStreet,2023-03-30 12:48:35,ie,0.043
646fddfd0576b45037ddb47d,101269466,Homeowners denied full home insurance cover due to flood risk fears based on &amp;lsquo;map errors&amp;rsquo;,2023-03-06 03:30:00,ie,-0.358
646fddfd0576b45037ddb47e,84662254,Varadkar predicts tech sector will continue to grow in medium term,2023-01-04 01:01:00,ie,-0.455
646fddfd0576b45037ddb47f,69091336,Slowdown in housing construction as building costs on rise,2022-11-14 07:48:10,ie,-0.323
646fddfd0576b45037ddb480,83033040,UN won't halt aid to Afghanistan despite ban on women working in the country's aid sector,2022-12-29 22:42:26,ie,-0.292
646fddfd0576b45037ddb481,95004688,Minister Donohoe launches updated Project Ireland 2040 Progress Tracker - MerrionStreet,2023-02-10 17:02:39,ie,0.424
646fddfd0576b45037ddb482,90126082,How to stay aware of job market trends,2023-01-24 02:00:00,ie,0.37
646fddfd0576b45037ddb483,75006532,Belfast: A city of two halves moves towards post-pandemic economic regeneration,2022-12-02 06:00:42,ie,0.228
646fddfd0576b45037ddb484,98398746,"Digicel seeks bond grace period, Fallon & Byrne losses and predicting earthquakes",2023-02-23 07:42:28,ie,-0.421
646fddfd0576b45037ddb485,110816056,Ukraine &#8216;open&#8217; to talks as Poland suspends grain imports,2023-04-16 14:32:48,ie,0.14
646fddfd0576b45037ddb486,96582412,Further appeal made against Limerick student accommodation plans,2023-02-16 14:30:00,ie,-0.106
646fddfd0576b45037ddb487,89957946,‘I left Dublin because it was so expensive. Now London is equally expensive’,2023-01-23 12:33:07,ie,-0.143
646fddfd0576b45037ddb488,65765706,Property crash survivor Johnny Ronan facing bumpy road ahead,2022-11-04 08:52:50,ie,0.021
646fddfd0576b45037ddb489,97910464,Irish construction professionals sought for jobs in Australia,2023-02-21 12:44:59,ie,0.574
646fddfd0576b45037ddb48a,88374468,Republic using productivity boom to invest public infrastructure and housing – Slugger O'Toole,2023-01-17 13:35:42,ie,-0.328
646fddfd0576b45037ddb48b,71511006,Minister urged to intervene in Food Vision Beef and Sheep Group &#8216;impasse&#8217;,2022-11-21 19:45:00,ie,0.227
646fddfd0576b45037ddb48c,80876170,Climate action plan: renewables and reduced car use targeted to tackle emissions quickly,2022-12-21 20:40:53,ie,0.094
646fddfd0576b45037ddb48d,70344824,Social housing builder Blacklough Construction goes into examinership due to surging raw material costs,2022-11-18 03:30:00,ie,-0.168
646fddfd0576b45037ddb48e,71685600,Limerick engineering company awards bursaries to students,2022-11-22 09:00:00,ie,0.106
646fddfd0576b45037ddb48f,77182772,Dublin city social homes to be built without developer,2022-12-09 06:00:00,ie,-0.371
646fddfd0576b45037ddb490,105831278,"Govt transfers €150m in Brexit funding to post-Covid fund, to be spent in part on retrofitting",2023-03-24 01:10:05,ie,-0.428
646fddfd0576b45037ddb491,79378204,Fire defects affect 500 Herberton apartments,2022-12-16 06:00:00,ie,-0.142
646fddfd0576b45037ddb492,95779878,Minister Dara Calleary turns the sod on AIM Centre in Sligo,2023-02-13 18:31:52,ie,0.348
646fddfd0576b45037ddb493,76378180,Market for development land robust despite headwinds,2022-12-06 06:50:00,ie,0.014
646fddfd0576b45037ddb494,70997434,China&amp;rsquo;s aid for property sector – a lynchpin of its economy – fails to convince,2022-11-20 03:30:00,ie,0.147
646fddfd0576b45037ddb495,104729912,Ministers overruled officials who believed €1bn could be shaved from cost of apartment defects scheme,2023-03-20 01:01:00,ie,-0.5
646fddfd0576b45037ddb496,101353486,Dublin saw ‘concerning’ slowdowns in manufacturing and construction in Q4,2023-03-06 14:44:29,ie,-0.088
646fddfd0576b45037ddb497,76635490,&amp;ldquo;We are living in strange times&amp;rdquo; – workers worry as pension pots drop in value,2022-12-07 12:41:42,ie,-0.118
646fddfd0576b45037ddb498,112119392,Irish GDP grows 6.5% in first quarter,2023-04-27 15:23:55,ie,0.104
646fddfd0576b45037ddb499,112402820,FactFind: Was the 2008 crash caused by building too many houses?,2023-04-30 01:01:43,ie,-0.386
646fddfd0576b45037ddb49a,105226880,Michael McDowell: State relied on private landlords for years. Now it is turning its guns on them,2023-03-21 20:47:32,ie,-0.094
646fddfd0576b45037ddb49b,111875560,"Council asked evicted mother of two if she had a car to sleep in, McDonald tells Dáil",2023-04-25 17:36:54,ie,-0.131
646fddfd0576b45037ddb49c,66676978,Government still €2bn behind annual expenditure target for housing as end of year approaches,2022-11-07 01:05:22,ie,-0.274
646fddfd0576b45037ddb49d,74377182,The fight for housing justice in Dublin’s Liberties,2022-11-25 13:08:42,ie,0.166
646fddfd0576b45037ddb49e,73645932,A new generation of commercial vehicle roof bars is here! &#8211; From Rhino!,2022-11-28 08:17:53,ie,0.552
646fddfd0576b45037ddb49f,68439382,"In the middle of our deep housing crisis, a transparent planning system is essential",2022-11-12 03:30:00,ie,0.017
646fddfd0576b45037ddb4a0,105778204,Ireland’s housing crisis facts and figures: All you need to know,2023-03-23 19:49:49,ie,-0.159
646fddfd0576b45037ddb4a1,107109456,Public safety ‘continues to be threatened’ by Kingspan - UK minister,2023-03-28 19:47:37,ie,-0.573
646fddfd0576b45037ddb4a2,77004120,Landowners urged to check property status ahead of new tax on residential zoned land,2022-12-08 17:12:38,ie,0.103
646fddfd0576b45037ddb4a3,99527294,DAFM urged to ensure all ACRES applicants are accepted,2023-02-27 12:21:50,ie,-0.121
646fddfd0576b45037ddb4a4,91891188,Credit Demand Survey April 2022 – September 2022  - MerrionStreet,2023-01-30 15:21:50,ie,0.041
646fddfd0576b45037ddb4a5,98473240,Industry Training Services Opens for Business in Dublin,2023-02-23 13:54:31,ie,-0.093
646fddfd0576b45037ddb4a6,65588580,Cork&#039;s Bottlehill - 20 years on what happens now?,2022-11-03 19:47:50,ie,-0.368
646fddfd0576b45037ddb4a7,73988312,DART for Cork to move a step closer as Cabinet signs off on new electric train carraiges,2022-11-29 08:53:32,ie,0.092
646fddfd0576b45037ddb4a8,111805606,PM Group appoints Anthony O’Rourke as CEO Designate,2023-04-24 12:16:17,ie,0.643
646fddfd0576b45037ddb4a9,83171144,State papers: Private sector lobbied against Jack Lynch Tunnel,2022-12-30 09:02:09,ie,-0.065
646fddfd0576b45037ddb4aa,105195352,Peaky Blinders movie to begin filming in Birmingham &amp;lsquo;soon&amp;rsquo; – creator,2023-03-21 18:44:33,ie,0.149
646fddfd0576b45037ddb4ab,75020710,Derailing Government housing plans; unpaid leave at Intel; and watching Sean Quinn’s tears,2022-12-02 07:00:23,ie,0.074
646fddfd0576b45037ddb4ac,105222154,Scramble to find voting pair for Justice Minister after Violet-Anne Wynne ends arrangement to vote against Government on eviction ban,2023-03-21 20:55:35,ie,-0.363
646fddfd0576b45037ddb4ad,106526228,State’s woefully under-resourced planning system at heart of housing problem,2023-03-26 16:03:38,ie,-0.413
646fddfd0576b45037ddb4ae,111791950,Why study at a TU?,2023-04-25 02:00:00,ie,0.326
646fddfd0576b45037ddb4af,107701940,"Profit taking a bigger driver of inflation than wage growth, ECB finds",2023-03-30 16:51:15,ie,-0.031
646fddfd0576b45037ddb4b0,76340236,"Starting salaries have shot up by €5,000 with most employers planning to hike wages next year",2022-12-06 15:24:50,ie,0.018
646fddfd0576b45037ddb4b1,85420820,"Homelessness record broken again as 11,542 people in emergency accommodation in November",2023-01-06 16:23:11,ie,-0.201
646fddfd0576b45037ddb4b2,94378790,Housing for All – Q4 2022 Progress Report published - MerrionStreet,2023-02-08 10:44:35,ie,0.044
646fddfd0576b45037ddb4b3,112352706,Workplace accident victims remembered at poignant ceremoney,2023-04-29 13:06:30,ie,-0.194
646fddfd0576b45037ddb4b4,90307804,Minister Hackett welcomes report on Organic Strategy Forum - MerrionStreet,2023-01-24 14:07:09,ie,0.24
646fddfd0576b45037ddb4b5,93019416,Minister Harris welcomes the live launch of Safe Pass Renewal online  - MerrionStreet,2023-02-03 12:10:54,ie,0.288
646fddfd0576b45037ddb4b6,81964112,Most-read: The top 10 business stories of the year,2022-12-26 07:00:00,ie,-0.347
646fddfd0576b45037ddb4b7,79326562,Haulier support scheme to be extended by further €18m due to high costs,2022-12-16 01:01:00,ie,-0.231
646fddfd0576b45037ddb4b8,88193970,Michael Stone profile: the quiet engineering pioneer caught up in Paschal Donohoe posters furore,2023-01-17 00:01:05,ie,0.237
646fddfd0576b45037ddb4b9,106042566,What are the latest jobs up for grabs in the agri-food sector?,2023-03-24 19:00:00,ie,0.574
646fddfd0576b45037ddb4ba,67480734,"Big-ticket office deals mask market shift to ‘beds, sheds and meds’",2022-11-09 06:30:00,ie,0.094
646fddfd0576b45037ddb4bb,88727306,Government getting ready to bail out the developers again,2023-01-18 21:00:07,ie,-0.206
646fddfd0576b45037ddb4bc,76717014,Additional €25 million allocated for Donegal piers and harbours,2022-12-07 17:23:40,ie,0.166
646fddfd0576b45037ddb4bd,98035674,Darragh O’Brien accused of acting like ‘petulant child’ in debate on extending eviction ban,2023-02-21 23:55:51,ie,-0.313
646fddfd0576b45037ddb4be,80571418,The Fencing People require Business Development Staff,2022-12-20 17:48:43,ie,0.448
